<?xml version="1.0" encoding="UTF-8"?>
<project-private xmlns="http://www.netbeans.org/ns/project-private/1">
    <editor-bookmarks xmlns="http://www.netbeans.org/ns/editor-bookmarks/2" lastBookmarkId="0"/>
    <open-files xmlns="http://www.netbeans.org/ns/projectui-open-files/2">
        <group>
            <file>file:/C:/Users/fafan/Documents/NetBeansProjects/JavaApplication8/src/javaapplication8/JavaApplication8.java</file>
            <file>file:/C:/Users/fafan/Documents/NetBeansProjects/JavaApplication8/src/javaapplication8/BeansContnuor.java</file>
            <file>file:/C:/Users/fafan/Documents/NetBeansProjects/JavaApplication8/src/javaapplication8/Grinder.java</file>
            <file>file:/C:/Users/fafan/Documents/NetBeansProjects/JavaApplication8/src/javaapplication8/CoffeeMachin.java</file>
            <file>file:/C:/Users/fafan/Documents/NetBeansProjects/JavaApplication8/src/javaapplication8/Logger.java</file>
            <file>file:/C:/Users/fafan/Documents/NetBeansProjects/JavaApplication8/src/javaapplication8/BDLoger.java</file>
            <file>file:/C:/Users/fafan/Documents/NetBeansProjects/JavaApplication8/src/javaapplication8/WaterException.java</file>
            <file>file:/C:/Users/fafan/Documents/NetBeansProjects/JavaApplication8/src/javaapplication8/WasteTray.java</file>
            <file>file:/C:/Users/fafan/Documents/NetBeansProjects/JavaApplication8/src/javaapplication8/BeansException.java</file>
            <file>file:/C:/Users/fafan/Documents/NetBeansProjects/JavaApplication8/src/javaapplication8/CoffeeGUI.java</file>
        </group>
    </open-files>
</project-private>
